<?xml  version="1.0"?><!-- MAS Release 7.5 ( build: Apr 13 2011  16:01:05 ) --><AMRDEF Purpose="AMRDataRequest" version="7.5" CreationTime="2011-05-16 06:32:44" >	<MeterReadings Irn="1" Source="Remote" SourceName="RT_GK_70_eWIC_0743" SourceIrn="1" Initiator="OnRequest" Purpose="OnRequestRead" CollectionTime="2011-05-16 06:32:37" >		<Meter MeterIrn="1" MeterName="RT_GK_70_eWIC_0743" IsActive="true" SerialNumber="12580743" MeterType="A3_Collector" Description="collector reserved for regression test-changed" InstallDate="2011-03-15 22:42:42" RemovalDate="" AccountIdent="RegTest12345-changed" AccountName="RegTestAccountName-changed" SdpIdent="1test" Location="some good place-changed" TimeZoneIndex="11" Timezone="(GMT-05:00) Eastern Time (US &amp; Canada)" TimeZoneOffset="300" ObservesDaylightSavings="false" MediaType="Ethernet WIC" />		<Clock MeterTime="2011-05-16 06:32:40" ServerTime="2011-05-16 06:32:58" DaylightAdjustmentInEffectAtMeter="false" ActiveSeason="winter" ActiveTier="C" ActiveDayType="unknown" />		<OutageCountSummary >			<OutageCount ReadingTime="2011-05-16 06:32:59" Value="48" PreviousReadingTime="2011-05-16 06:30:38" PreviousValue="48" />		</OutageCountSummary>		<OutageCountSummary >			<OutageCount ReadingTime="2011-05-16 06:32:59" Value="48" PreviousReadingTime="2011-05-16 06:30:38" PreviousValue="48" />		</OutageCountSummary>		<MaxDemandData >			<MaxDemandSpec UOM="kW" Direction="Delivered" TouBucket="Total" MeasurementPeriod="Current" Multiplier="1" />			<Reading Value="92.176" />		</MaxDemandData>		<MaxDemandData >			<MaxDemandSpec UOM="kW" Direction="Delivered" TouBucket="TierB" MeasurementPeriod="Current" Multiplier="1" />			<Reading Value="0" TimeStamp="2015-05-16 06:32:37"/>		</MaxDemandData>				<LoadProfileSummary >			<Channel UOM="kWh" Direction="Delivered" IntervalSeconds="900" NumIntervalsRead="4981" FirstIntervalTimestamp="2011-03-25 09:30:00" ReadingRangeStartTimestamp="2011-03-25 09:15:00" ReadingRangeEndTimestamp="2011-05-16 06:30:00" SumOfIntervalValues="11461.6" Multiplier="0.01" />		</LoadProfileSummary>		<LoadProfileSummary >			<Channel UOM="kWh" Direction="Delivered" IntervalSeconds="900" NumIntervalsRead="4981" FirstIntervalTimestamp="2011-03-25 09:30:00" ReadingRangeStartTimestamp="2011-03-25 09:15:00" ReadingRangeEndTimestamp="2011-05-16 06:30:00" SumOfIntervalValues="11461.6" Multiplier="0.01" />		</LoadProfileSummary><IntervalData >			<IntervalSpec UOM="kWh" Direction="Delivered" Interval="15" Channel="1" TimestampStart="2011-03-25 09:30:00" TimestampEnd="2011-05-16 06:30:00" Multiplier="0.01" />			<Reading TimeStamp="2011-03-25 09:30:00" RawReading="1" />			<Reading TimeStamp="2011-03-25 09:45:00" RawReading="2" />			<Reading TimeStamp="2011-05-16 06:30:00" RawReading="3" />		</IntervalData><EventData >			<EventSpec Type="Outage Detected from LP Data" Category="Full Power Outage / Restoration" />			<Event TimeStamp="2011-05-05 12:42:20" DiscoveredAt="2011-05-16 06:36:40" Source="Event Log" EventInfo="" >			</Event>		</EventData>		<EventData >			<EventSpec Type="Restoration Detected from LP Data" Category="Full Power Outage / Restoration" />			<Event TimeStamp="2011-04-17 01:16:52" DiscoveredAt="2011-05-16 06:36:46" Source="Event Log" EventInfo="" >				<EventAttribute Name="a" Value="-24" />				<EventAttribute Name="b" Value="-23" />				<EventAttribute Name="c" Value="-29" />			</Event>		</EventData>	</MeterReadings>	<MeterReadings Irn="2" Source="Remote" SourceName="RT_GK_70_eWIC_0743" SourceIrn="1" Initiator="OnRequest" Purpose="OnRequestRead" CollectionTime="2011-05-16 06:32:37" >		<Meter MeterIrn="2" MeterName="RT_Rex2D_11118188" IsActive="true" SerialNumber="11118188" MeterType="REX" Description="rex meter reserved for Regression test" InstallDate="2011-03-15 22:44:23" RemovalDate="" AccountIdent="RegTest12345" AccountName="RegTestAccountName" SdpIdent="2testEE" Location="" TimeZoneIndex="11" Timezone="(GMT-05:00) Eastern Time (US &amp; Canada)" TimeZoneOffset="300" ObservesDaylightSavings="false" MediaType="900 MHz" />		<ReadingQualityIndicator Name="Tamper Alert" Value="true" />		<ReadingQualityIndicator Name="Meter Health" Value="true" />		<ConsumptionData >			<ConsumptionSpec UOM="kWh" Direction="Delivered" TouBucket="TierC" MeasurementPeriod="Current" Multiplier="1" />			<Reading TimeStamp="2011-05-16 06:32:00" Value="144208" />		</ConsumptionData>		<ConsumptionData >			<ConsumptionSpec UOM="kWh" Direction="Delivered" TouBucket="TierA" MeasurementPeriod="Current" Multiplier="1" />			<Reading TimeStamp="2011-05-16 06:32:00" Value="0" />		</ConsumptionData>		<ConsumptionData >			<ConsumptionSpec UOM="kWh" Direction="Delivered" TouBucket="TierB" MeasurementPeriod="Current" Multiplier="1" />			<Reading TimeStamp="2011-05-16 06:32:00" Value="0" />		</ConsumptionData>		<ConsumptionData >			<ConsumptionSpec UOM="kWh" Direction="Delivered" TouBucket="TierD" MeasurementPeriod="Current" Multiplier="1" />			<Reading TimeStamp="2011-05-16 06:32:00" Value="0" />		</ConsumptionData>		<ConsumptionData >			<ConsumptionSpec UOM="kWh" Direction="Delivered" TouBucket="Total" MeasurementPeriod="Current" Multiplier="1" />			<Reading TimeStamp="2011-05-16 06:32:00" Value="144208" />		</ConsumptionData>		<ConsumptionData >			<ConsumptionSpec UOM="kWh" Direction="Received" TouBucket="Total" MeasurementPeriod="Current" Multiplier="1" />			<Reading TimeStamp="2011-05-16 06:32:00" Value="0" />		</ConsumptionData>		<CoincidentDemandData >			<CoincidentDemandSpec UOM="kW" Direction="Delivered" TouBucket="Total" MeasurementPeriod="Current" Multiplier="1" />			<Reading Value="92.176" TimeStamp="2016-05-16 06:32:00"/>		</CoincidentDemandData>		<CoincidentDemandData >			<CoincidentDemandSpec UOM="kWh" Direction="Delivered" TouBucket="TierA" MeasurementPeriod="Current" Multiplier="1" />			<Reading Value="99"/>		</CoincidentDemandData>		<MaxDemandData >			<MaxDemandSpec UOM="kW" Direction="Delivered" TouBucket="Total" MeasurementPeriod="Current" Multiplier="1" />			<Reading Value="92.176" />		</MaxDemandData>		<MaxDemandData >			<MaxDemandSpec UOM="kW" Direction="Delivered" TouBucket="TierB" MeasurementPeriod="Current" Multiplier="1" />			<Reading Value="0" TimeStamp="2011-05-16 06:40:00"/>		</MaxDemandData>		<MaxDemandData >			<MaxDemandSpec UOM="kW" Direction="Delivered" TouBucket="TierC" MeasurementPeriod="Current" Multiplier="1" />			<Reading Value="92.176" />		</MaxDemandData>		<CumulativeDemandData >			<CumulativeDemandSpec UOM="kW" Direction="Delivered" TouBucket="TierA" MeasurementPeriod="Current" Multiplier="1" />			<Reading Value="80" TimeStamp="2011-05-16 06:40:00"/>		</CumulativeDemandData>		<CumulativeDemandData >			<CumulativeDemandSpec UOM="kW" Direction="Delivered" TouBucket="TierB" MeasurementPeriod="Current" Multiplier="1" />			<Reading Value="82.19" TimeStamp="2011-05-16 06:40:00"/>		</CumulativeDemandData>		<CumulativeDemandData >			<CumulativeDemandSpec UOM="kW" Direction="Delivered" TouBucket="TierC" MeasurementPeriod="Current" Multiplier="1" />			<Reading Value="95" />		</CumulativeDemandData>		<DemandResetCount Count="14" TimeStamp="2011-05-16 06:32:00" UOM="Times" />		<DemandResetCount Count="16" TimeStamp="2011-05-16 06:35:00" UOM="Times" />		<DemandResetCount Count="20" TimeStamp="2011-05-16 06:40:00" UOM="Times" />		<DemandReset TimeStamp="2011-05-09 03:55:00"/>		<DemandReset TimeStamp="2012-07-13 06:45:00"/>		<DemandReset TimeStamp="2013-03-16 07:20:00"/>		<Statuses >			<Status Id="83" Name="Elapsed time for pass-through operation (msec)" Category="Communications" Type="int" Value="1482" />			<Status Id="71" Name="Config Table Write Warning" Category="Tamper Alert" Type="bool" Value="true" />			<Status Id="72" Name="Radio Config Error" Category="Meter Health" Type="bool" Value="true" />			<Status Id="78" Name="Voltage Monitoring Max Event" Category="Service" Type="bool" Value="true" />			<Status Id="61" Name="No Voltage Detected with Disconnect Closed" Category="Service" Type="bool" Value="false" />			<Status Id="60" Name="Disconnect Relay Open" Category="Service" Type="bool" Value="false" />			<Status Id="73" Name="Momentary Outage Count" Category="Service" Type="int" Value="6" />			<Status Id="74" Name="Sustained Outage Count" Category="Service" Type="int" Value="3" />			<Status Id="75" Name="Sustained Outage Duration (secs)" Category="Service" Type="int" Value="1344" />		</Statuses>		<EventData >			<EventSpec Type="Restoration Detected from LP Data" Category="Full Power Outage / Restoration" />			<Event TimeStamp="2011-05-05 12:42:24" DiscoveredAt="2011-05-16 06:36:40" Source="Event Log" EventInfo="" >			</Event>		</EventData>		<EventData >			<EventSpec Type="Outage Detected from LP Data" Category="Full Power Outage / Restoration" />			<Event TimeStamp="2011-05-05 12:42:20" DiscoveredAt="2011-05-16 06:36:40" Source="Event Log" EventInfo="" >			</Event>		</EventData>		<EventData >			<EventSpec Type="Restoration Detected from LP Data" Category="Full Power Outage / Restoration" />			<Event TimeStamp="2011-04-17 01:16:52" DiscoveredAt="2011-05-16 06:36:46" Source="Event Log" EventInfo="" >				<EventAttribute Name="d" Value="-24" />				<EventAttribute Name="e" Value="-23" />				<EventAttribute Name="f" Value="-29" />			</Event>		</EventData>		<EventData >			<EventSpec Type="Outage Detected from LP Data" Category="Full Power Outage / Restoration" />			<Event TimeStamp="2011-04-17 01:16:48" DiscoveredAt="2011-05-16 06:36:46" Source="Event Log" EventInfo="" >				<EventAttribute Name="g" Value="-26" />				<EventAttribute Name="h" Value="-27" />				<EventAttribute Name="i" Value="-28" />			</Event>			<Event TimeStamp="2011-04-17 01:16:48" DiscoveredAt="2011-05-16 06:36:46" Source="Event Log" EventInfo="" >				<EventAttribute Name="j" Value="-30" />				<EventAttribute Name="k" Value="-33" />				<EventAttribute Name="l" Value="-28" />			</Event>		</EventData>		<EventData >			<EventSpec Type="Restoration Detected from LP Data" Category="Full Power Outage / Restoration" />			<Event TimeStamp="2011-04-16 21:48:12" DiscoveredAt="2011-05-16 06:36:46" Source="Event Log" EventInfo="" >			</Event>		</EventData>		<EventData >			<EventSpec Type="Outage Detected from LP Data" Category="Full Power Outage / Restoration" />			<Event TimeStamp="2011-04-16 21:48:08" DiscoveredAt="2011-05-16 06:36:46" Source="Event Log" EventInfo="" >			</Event>		</EventData>		<IntervalData >			<IntervalSpec UOM="kWh" Direction="Delivered" Interval="15" Channel="1" TimestampStart="2011-03-25 09:30:00" TimestampEnd="2011-05-16 06:30:00" Multiplier="0.01" />			<Reading TimeStamp="2011-03-25 09:30:00" RawReading="4" />			<Reading TimeStamp="2011-03-25 09:45:00" RawReading="5" />		</IntervalData>		<IntervalData >			<IntervalSpec UOM="kWh" Direction="Delivered" Interval="15" Channel="1" TimestampStart="2011-03-25 09:30:00" TimestampEnd="2011-05-16 06:30:00" Multiplier="0.01" />			<Reading TimeStamp="2011-03-25 09:30:00" RawReading="6" />			<Reading TimeStamp="2011-03-25 09:45:00" RawReading="7" />		</IntervalData>				<InstrumentationValue Name="" Value="274.962423" Timestamp="2011-05-16 06:32:00" Phase="example"/>		<InstrumentationValue Name="Current" Value="96" Timestamp="2011-03-25 12:30:00" />		<InstrumentationValue Name="Voltage" Value="23" Timestamp="2011-05-16 06:32:00" />		<InstrumentationValue Name="Power Factor Angle" Value="27" Timestamp="2011-03-25 12:30:00" />		<InstrumentationValue Name="Frequency" Value="200" Timestamp="2011-07-16 06:32:00" />		<ReverseEnergySummary >			<ReverseEnergy CurrentValue="0" PreviousValue="0" />		</ReverseEnergySummary>		<ReverseEnergySummary >			<ReverseEnergy CurrentValue="0" PreviousValue="0" />		</ReverseEnergySummary>		<OutageCountSummary >			<OutageCount ReadingTime="2011-05-16 06:32:00" Value="15" PreviousReadingTime="2011-05-16 06:19:00" PreviousValue="15" />		</OutageCountSummary>	</MeterReadings></AMRDEF>