servicePointId,readingType,variableId,deviceId,meteringType,readingUtcLocalTime,readingDateSource,readingLocalTime,dstStatus,channel,unitOfMeasure,qualityCodesSystemId,qualityCodesCategorization,qualityCodesIndex,intervalSize,logNumber,ct,pt,ke,sf,version,readingsValue,primarySource,owner,guidFile,estatus,registersNumber,eventsCode,agentId,agentDescription
2testEE,Registros,,2,Main,,,2011-05-16T06:32:00.000-03:00,,,,qualityCodesSystemId,qualityCodesCategorization,qualityCodesIndex,,,,,,,,274.962423,Remoto,sacar del Path,sacar del Path,Activo,,,,
2testEE,Registros,,2,Main,,,2011-03-25T12:30:00.000-03:00,,,A,qualityCodesSystemId,qualityCodesCategorization,qualityCodesIndex,,,,,,,,96.0,Remoto,sacar del Path,sacar del Path,Activo,,,,
2testEE,Registros,,2,Main,,,2011-05-16T06:32:00.000-03:00,,,V,qualityCodesSystemId,qualityCodesCategorization,qualityCodesIndex,,,,,,,,23.0,Remoto,sacar del Path,sacar del Path,Activo,,,,
2testEE,Registros,,2,Main,,,2011-03-25T12:30:00.000-03:00,,,Degree,qualityCodesSystemId,qualityCodesCategorization,qualityCodesIndex,,,,,,,,27.0,Remoto,sacar del Path,sacar del Path,Activo,,,,
2testEE,Registros,,2,Main,,,2011-07-16T06:32:00.000-03:00,,,Hz,qualityCodesSystemId,qualityCodesCategorization,qualityCodesIndex,,,,,,,,200.0,Remoto,sacar del Path,sacar del Path,Activo,,,,
