servicePointId,readingType,variableId,deviceId,meteringType,readingUtcLocalTime,readingDateSource,readingLocalTime,dstStatus,channel,unitOfMeasure,qualityCodesSystemId,qualityCodesCategorization,qualityCodesIndex,intervalSize,logNumber,ct,pt,ke,sf,version,readingsValue,primarySource,owner,guidFile,estatus,registersNumber,eventsCode,agentId,agentDescription
RegTest-sdp_id-coll-changed,Perfil de carga,kWh Delivered,1,Main,,,2011-03-25T09:30:00.000-03:00,,1,kWh,,,,15,1,,,0.01,,Original,1.0,Remoto,sacar del Path,sacar del Path,Activo,,,,
RegTest-sdp_id-coll-changed,Perfil de carga,kWh Delivered,1,Main,,,2011-03-25T09:45:00.000-03:00,,1,kWh,,,,15,1,,,0.01,,Original,2.0,Remoto,sacar del Path,sacar del Path,Activo,,,,
RegTest-sdp_id-coll-changed,Perfil de carga,kWh Delivered,1,Main,,,2011-05-16T06:30:00.000-03:00,,1,kWh,,,,15,1,,,0.01,,Original,3.0,Remoto,sacar del Path,sacar del Path,Activo,,,,
RegTest-sdp_id-rex-01,Perfil de carga,kWh Delivered,2,Main,,,2011-03-25T09:30:00.000-03:00,,1,kWh,,,,15,1,,,0.01,,Original,6.0,Remoto,sacar del Path,sacar del Path,Activo,,,,
RegTest-sdp_id-rex-01,Perfil de carga,kWh Delivered,2,Main,,,2011-03-25T09:45:00.000-03:00,,1,kWh,,,,15,1,,,0.01,,Original,7.0,Remoto,sacar del Path,sacar del Path,Activo,,,,
